{"cameraMode":{"drawMode":0,"name":"Shaded","section":"Shading Mode"},"sceneLighting":true,"audioPlay":false,"sceneViewState":{"showFog":true,"showMaterialUpdate":false,"showSkybox":true,"showFlares":true,"showImageEffects":true,"showParticleSystems":true},"in2DMode":false,"pivot":{"x":8.5927734375,"y":10.572265625,"z":-28.5498046875},"rotation":{"x":0.1828378289937973,"y":-0.019485456869006158,"z":0.0036084051243960859,"w":0.9829927086830139},"size":12.084776878356934,"orthographic":true}