{"cameraMode":{"drawMode":0,"name":"Shaded","section":"Shading Mode"},"sceneLighting":false,"audioPlay":false,"sceneViewState":{"showFog":true,"showMaterialUpdate":false,"showSkybox":false,"showFlares":true,"showImageEffects":true,"showParticleSystems":true},"in2DMode":false,"pivot":{"x":1.5199999809265137,"y":9.90999984741211,"z":-21.360000610351564},"rotation":{"x":0.06904135644435883,"y":-0.36974307894706728,"z":0.027546780183911325,"w":0.9262052774429321},"size":0.34641051292419436,"orthographic":true}