{"cameraMode":{"drawMode":0,"name":"Shaded","section":"Shading Mode"},"sceneLighting":true,"audioPlay":false,"sceneViewState":{"showFog":true,"showMaterialUpdate":false,"showSkybox":true,"showFlares":true,"showImageEffects":true,"showParticleSystems":true},"in2DMode":false,"pivot":{"x":9.35986328125,"y":8.68896484375,"z":-27.4150390625},"rotation":{"x":0.06904135644435883,"y":-0.36974307894706728,"z":0.027546780183911325,"w":0.9262052774429321},"size":9.279848098754883,"orthographic":true}