{"cameraMode":{"drawMode":0,"name":"Shaded","section":"Shading Mode"},"sceneLighting":true,"audioPlay":false,"sceneViewState":{"showFog":true,"showMaterialUpdate":false,"showSkybox":true,"showFlares":true,"showImageEffects":true,"showParticleSystems":true},"in2DMode":false,"pivot":{"x":8.647279739379883,"y":3.810269832611084,"z":-37.21413803100586},"rotation":{"x":0.28177425265312197,"y":0.07331264019012451,"z":-0.02159024216234684,"w":0.9564461708068848},"size":26.451160430908204,"orthographic":false}